{
    "ne": 3,
    "modes": [
        {
            "m0": 0.5,
            "ri": 0.5,
            "rf": 5.5,
            "de": 38283.45,
            "be": 1.94196,
            "re": 0.742,
            "nr": 33
        },
        {
            "m0": 0.5,
            "ri": 0.5,
            "rf": 5.5,
            "de": 38283.45,
            "be": 1.94196,
            "re": 0.742,
            "nr": 33
        }
    ],
    "gxy": [
        [0.0, 20.0],
        [20.0, 0.0]
    ]
}
